{
    "temp": {
        "bboxes": [
            [
                128,
                55,
                47,
                58
            ],
            [
                84,
                82,
                37,
                52
            ]
        ],
        "united_bbox": [
            84,
            55,
            91,
            79
        ],
        "user_id": "61c5e9a5-2a09-43a0-b4dd-fed619a03c31",
        "hand_landmarks": [
            [
                [
                    0.6719001531600952,
                    0.5262784957885742
                ],
                [
                    0.6415016651153564,
                    0.4460303485393524
                ],
                [
                    0.5868747234344482,
                    0.3858974575996399
                ],
                [
                    0.5399777293205261,
                    0.3426085412502289
                ],
                [
                    0.5244665741920471,
                    0.29069769382476807
                ],
                [
                    0.5314934253692627,
                    0.43696001172065735
                ],
                [
                    0.49063214659690857,
                    0.4535905122756958
                ],
                [
                    0.5339373350143433,
                    0.46805447340011597
                ],
                [
                    0.5712486505508423,
                    0.46844834089279175
                ],
                [
                    0.5327641367912292,
                    0.49028101563453674
                ],
                [
                    0.49815335869789124,
                    0.5083867311477661
                ],
                [
                    0.5537467002868652,
                    0.5134533047676086
                ],
                [
                    0.5886668562889099,
                    0.5047572255134583
                ],
                [
                    0.5368458032608032,
                    0.5390027761459351
                ],
                [
                    0.5084335207939148,
                    0.5542037487030029
                ],
                [
                    0.5608664155006409,
                    0.5505198836326599
                ],
                [
                    0.5922144651412964,
                    0.5397734642028809
                ],
                [
                    0.5438821315765381,
                    0.587537407875061
                ],
                [
                    0.5106068849563599,
                    0.5953649878501892
                ],
                [
                    0.5461061596870422,
                    0.5879068374633789
                ],
                [
                    0.571504533290863,
                    0.5778652429580688
                ]
            ],
            [
                [
                    0.3234384059906006,
                    0.4716431796550751
                ],
                [
                    0.34305450320243835,
                    0.5428230166435242
                ],
                [
                    0.367619127035141,
                    0.5982591509819031
                ],
                [
                    0.38443320989608765,
                    0.6522036790847778
                ],
                [
                    0.38513168692588806,
                    0.700461745262146
                ],
                [
                    0.42633354663848877,
                    0.5608997941017151
                ],
                [
                    0.46508967876434326,
                    0.5605146288871765
                ],
                [
                    0.4474619925022125,
                    0.5550523996353149
                ],
                [
                    0.42804089188575745,
                    0.5526643395423889
                ],
                [
                    0.4330836534500122,
                    0.5142683982849121
                ],
                [
                    0.4664729833602905,
                    0.5193426609039307
                ],
                [
                    0.44960322976112366,
                    0.5164675712585449
                ],
                [
                    0.4313991367816925,
                    0.5155912637710571
                ],
                [
                    0.4328603446483612,
                    0.4690478444099426
                ],
                [
                    0.4639255702495575,
                    0.4821762442588806
                ],
                [
                    0.44905856251716614,
                    0.47955965995788574
                ],
                [
                    0.43099889159202576,
                    0.47669699788093567
                ],
                [
                    0.42887839674949646,
                    0.4295647442340851
                ],
                [
                    0.456846684217453,
                    0.4439488649368286
                ],
                [
                    0.4432772696018219,
                    0.44488298892974854
                ],
                [
                    0.4281753599643707,
                    0.44236159324645996
                ]
            ]
        ],
        "meta": {
            "age": null,
            "gender": null,
            "race": null
        }
    }
}