{
    "temp": {
        "bboxes": [
            [
                205,
                42,
                23,
                15
            ],
            [
                251,
                13,
                24,
                21
            ]
        ],
        "united_bbox": [
            205,
            13,
            70,
            44
        ],
        "user_id": "f26f3584-67ee-4937-a5e6-91edb3e8fffc",
        "hand_landmarks": [
            [
                [
                    0.7488336563110352,
                    0.31363943219184875
                ],
                [
                    0.7826322913169861,
                    0.31680476665496826
                ],
                [
                    0.8079501390457153,
                    0.3100193738937378
                ],
                [
                    0.8234114646911621,
                    0.29813429713249207
                ],
                [
                    0.8239127993583679,
                    0.28012630343437195
                ],
                [
                    0.8115729689598083,
                    0.23885774612426758
                ],
                [
                    0.8348471522331238,
                    0.25385037064552307
                ],
                [
                    0.8261041045188904,
                    0.27586236596107483
                ],
                [
                    0.8149267435073853,
                    0.27886679768562317
                ],
                [
                    0.8001680374145508,
                    0.23400385677814484
                ],
                [
                    0.8240141868591309,
                    0.2565386891365051
                ],
                [
                    0.8156632781028748,
                    0.2785513699054718
                ],
                [
                    0.8051949739456177,
                    0.27879437804222107
                ],
                [
                    0.7881275415420532,
                    0.23586121201515198
                ],
                [
                    0.8112968802452087,
                    0.25955891609191895
                ],
                [
                    0.8040977120399475,
                    0.2791743278503418
                ],
                [
                    0.7939417958259583,
                    0.2794022262096405
                ],
                [
                    0.7755013704299927,
                    0.24295510351657867
                ],
                [
                    0.7969489097595215,
                    0.2586602568626404
                ],
                [
                    0.7928239703178406,
                    0.2764856219291687
                ],
                [
                    0.7841107249259949,
                    0.2802348732948303
                ]
            ],
            [
                [
                    0.9136192202568054,
                    0.1828087568283081
                ],
                [
                    0.9519164562225342,
                    0.19168248772621155
                ],
                [
                    0.9817463755607605,
                    0.17410758137702942
                ],
                [
                    0.9966114163398743,
                    0.14935503900051117
                ],
                [
                    0.9959059357643127,
                    0.11998579651117325
                ],
                [
                    0.9725648760795593,
                    0.12457291781902313
                ],
                [
                    1.0024313926696777,
                    0.1287454217672348
                ],
                [
                    0.9896934628486633,
                    0.15235254168510437
                ],
                [
                    0.9747646450996399,
                    0.15940363705158234
                ],
                [
                    0.9653875827789307,
                    0.10579944401979446
                ],
                [
                    0.9992502927780151,
                    0.11685594916343689
                ],
                [
                    0.9834936857223511,
                    0.1429479420185089
                ],
                [
                    0.9672816395759583,
                    0.1450522243976593
                ],
                [
                    0.9593648910522461,
                    0.08767160773277283
                ],
                [
                    0.9946945905685425,
                    0.10114686191082001
                ],
                [
                    0.9786605834960938,
                    0.13111382722854614
                ],
                [
                    0.9625140428543091,
                    0.1344079226255417
                ],
                [
                    0.9522576928138733,
                    0.0724143534898758
                ],
                [
                    0.9859418869018555,
                    0.08959630131721497
                ],
                [
                    0.9735814332962036,
                    0.1153210923075676
                ],
                [
                    0.9585118293762207,
                    0.11873338371515274
                ]
            ]
        ],
        "meta": {
            "age": null,
            "gender": null,
            "race": null
        }
    }
}